1,中国,0
2,中国台湾,0
3,中国香港,0
17,中国澳门,0
2720,海外,0
2719,重庆市,1
2713,上海市,1
2714,天津市,1
88,四川,1
2706,北京市,1
64,安徽,1
90,西藏,1
91,新疆,1
92,云南,1
93,浙江,1
66,福建,1
67,甘肃,1
68,广东,1
69,广西,1
70,贵州,1
71,海南,1
72,河北,1
73,河南,1
74,黑龙江,1
75,湖北,1
76,湖南,1
77,吉林,1
78,江苏,1
79,江西,1
80,辽宁,1
81,内蒙古,1
82,宁夏,1
83,青海,1
84,山东,1
85,山西,1
86,陕西,1
95,安庆,64
105,蚌埠,64
106,巢湖,64
107,池州,64
108,滁州,64
109,阜阳,64
110,合肥,64
111,淮北,64
112,淮南,64
113,黄山,64
114,六安,64
115,马鞍山,64
116,宿州,64
117,铜陵,64
118,芜湖,64
119,宣城,64
120,亳州,64
875,密云县,65
876,延庆县,65
2668,东城区,65
2669,西城区,65
2670,崇文区,65
2671,宣武区,65
2672,朝阳区,65
2673,海淀区,65
2674,丰台区,65
2675,石景山区,65
2676,顺义区,65
2677,昌平区,65
2678,门头沟区,65
2679,通州区,65
2680,房山区,65
2681,大兴区,65
2682,怀柔区,65
2683,平谷区,65
194,福州,66
195,龙岩,66
196,南平,66
197,宁德,66
198,莆田,66
199,泉州,66
200,三明,66
201,厦门,66
202,漳州,66
271,白银,67
272,定西,67
273,甘南藏族自治州,67
274,嘉峪关,67
275,金昌,67
276,酒泉,67
277,兰州,67
278,临夏回族自治州,67
279,陇南,67
280,平凉,67
281,庆阳,67
282,天水,67
283,武威,67
284,张掖,67
358,潮州,68
359,东莞,68
360,佛山,68
361,广州,68
362,河源,68
363,惠州,68
364,江门,68
365,揭阳,68
366,茂名,68
367,梅州,68
368,清远,68
369,汕头,68
370,汕尾,68
371,韶关,68
372,深圳,68
373,阳江,68
374,云浮,68
375,湛江,68
376,肇庆,68
377,中山,68
378,珠海,68
471,百色,69
472,北海,69
473,崇左,69
474,防城港,69
475,桂林,69
476,贵港,69
477,河池,69
478,贺州,69
479,来宾,69
480,柳州,69
481,南宁,69
482,钦州,69
483,梧州,69
484,玉林,69
575,安顺,70
576,毕节,70
577,贵阳,70
578,六盘水,70
579,黔东南苗族侗族自治州,70
580,黔南布依族苗族自治州,70
581,黔西南布依族苗族自治州,70
582,铜仁,70
583,遵义,70
629,白沙黎族自治县,71
630,保亭黎族苗族自治县,71
631,昌江黎族自治县,71
632,澄迈县,71
633,定安县,71
634,东方,71
635,海口,71
636,乐东黎族自治县,71
637,临高县,71
638,陵水黎族自治县,71
639,琼海,71
640,琼中黎族苗族自治县,71
641,三亚,71
642,屯昌县,71
643,万宁,71
644,文昌,71
645,五指山,71
646,儋州,71
666,保定,72
667,沧州,72
668,承德,72
669,邯郸,72
670,衡水,72
671,廊坊,72
672,秦皇岛,72
673,石家庄,72
674,唐山,72
675,邢台,72
676,张家口,72
824,安阳,73
825,鹤壁,73
826,济源,73
827,焦作,73
828,开封,73
829,洛阳,73
830,南阳,73
831,平顶山,73
832,三门峡,73
833,商丘,73
834,新乡,73
835,信阳,73
836,许昌,73
837,郑州,73
838,周口,73
839,驻马店,73
840,漯河,73
841,濮阳,73
971,大庆,74
972,大兴安岭,74
973,哈尔滨,74
974,鹤岗,74
975,黑河,74
976,鸡西,74
977,佳木斯,74
978,牡丹江,74
979,七台河,74
980,齐齐哈尔,74
981,双鸭山,74
982,绥化,74
983,伊春,74
1062,鄂州,75
1063,恩施土家族苗族自治州,75
1064,黄冈,75
1065,黄石,75
1066,荆门,75
1067,荆州,75
1068,潜江,75
1069,神农架林区,75
1070,十堰,75
1071,随州,75
1072,天门,75
1073,武汉,75
1074,仙桃,75
1075,咸宁,75
1076,襄樊,75
1077,孝感,75
1078,宜昌,75
1155,常德,76
1156,长沙,76
1157,郴州,76
1158,衡阳,76
1159,怀化,76
1160,娄底,76
1161,邵阳,76
1162,湘潭,76
1163,湘西土家族苗族自治州,76
1164,益阳,76
1165,永州,76
1166,岳阳,76
1167,张家界,76
1168,株洲,76
1271,白城,77
1272,白山,77
1273,长春,77
1274,吉林,77
1275,辽源,77
1276,四平,77
1277,松原,77
1278,通化,77
1279,延边朝鲜族自治州,77
1329,常州,78
1330,淮安,78
1331,连云港,78
1332,南京,78
1333,南通,78
1334,苏州,78
1335,宿迁,78
1336,泰州,78
1337,无锡,78
1338,徐州,78
1339,盐城,78
1340,扬州,78
1341,镇江,78
1409,抚州,79
1410,赣州,79
1411,吉安,79
1412,景德镇,79
1413,九江,79
1414,南昌,79
1415,萍乡,79
1416,上饶,79
1417,新余,79
1418,宜春,79
1419,鹰潭,79
1511,鞍山,80
1512,本溪,80
1513,朝阳,80
1514,大连,80
1515,丹东,80
1516,抚顺,80
1517,阜新,80
1518,葫芦岛,80
1519,锦州,80
1520,辽阳,80
1521,盘锦,80
1522,沈阳,80
1523,铁岭,80
1524,营口,80
1583,阿拉善盟,81
1584,巴彦淖尔盟,81
1585,包头,81
1586,赤峰,81
1587,鄂尔多斯,81
1588,呼和浩特,81
1589,呼伦贝尔,81
1590,通辽,81
1591,乌海,81
1592,乌兰察布盟,81
1593,锡林郭勒盟,81
1594,兴安盟,81
2700,中卫,82
1684,固原,82
1685,石嘴山,82
1686,吴忠,82
1687,银川,82
1708,果洛藏族自治州,83
1709,海北藏族自治州,83
1710,海东,83
1711,海南藏族自治州,83
1712,海西蒙古族藏族自治州,83
1713,黄南藏族自治州,83
1714,西宁,83
1715,玉树藏族自治州,83
1756,滨州,84
1757,德州,84
1758,东营,84
1759,菏泽,84
1760,济南,84
1761,济宁,84
1762,莱芜,84
1763,聊城,84
1764,临沂,84
1765,青岛,84
1766,日照,84
1767,泰安,84
1768,威海,84
1769,潍坊,84
1770,烟台,84
1771,枣庄,84
1772,淄博,84
1881,长治,85
1882,大同,85
1883,晋城,85
1884,晋中,85
1885,临汾,85
1886,吕梁,85
1887,朔州,85
1888,太原,85
1889,忻州,85
1890,阳泉,85
1891,运城,85
1999,安康,86
2000,宝鸡,86
2001,汉中,86
2002,商洛,86
2003,铜川,86
2004,渭南,86
2005,西安,86
2006,咸阳,86
2007,延安,86
2008,榆林,86
2649,浦东新区,87
2650,徐汇区,87
2651,长宁区,87
2652,普陀区,87
2653,闸北区,87
2654,虹口区,87
2655,杨浦区,87
2656,黄浦区,87
2657,卢湾区,87
2658,静安区,87
2659,宝山区,87
2660,闵行区,87
2661,嘉定区,87
2662,金山区,87
2663,松江区,87
2664,青浦区,87
2665,崇明县,87
2666,奉贤区,87
2667,南汇区,87
2105,阿坝藏族羌族自治州,88
2106,巴中,88
2107,成都,88
2108,达州,88
2109,德阳,88
2110,甘孜藏族自治州,88
2111,广安,88
2112,广元,88
2113,乐山,88
2114,凉山彝族自治州,88
2115,眉山,88
2116,绵阳,88
2117,南充,88
2118,内江,88
2119,攀枝花,88
2120,遂宁,88
2121,雅安,88
2122,宜宾,88
2123,资阳,88
2124,自贡,88
2125,泸州,88
2282,蓟县,89
2283,静海县,89
2284,宁河县,89
2285,天津市,89
2286,阿里,90
2287,昌都,90
2288,拉萨,90
2289,林芝,90
2290,那曲,90
2291,日喀则,90
2292,山南,90
2366,阿克苏,91
2367,阿拉尔,91
2368,巴音郭楞蒙古自治州,91
2369,博尔塔拉蒙古自治州,91
2370,昌吉回族自治州,91
2371,哈密,91
2372,和田,91
2373,喀什,91
2374,克拉玛依,91
2375,克孜勒苏柯尔克孜自治州,91
2376,石河子,91
2377,图木舒克,91
2378,吐鲁番,91
2379,乌鲁木齐,91
2380,五家渠,91
2381,伊犁哈萨克自治州,91
2436,保山,92
2437,楚雄彝族自治州,92
2438,大理白族自治州,92
2439,德宏傣族景颇族自治州,92
2440,迪庆藏族自治州,92
2441,红河哈尼族彝族自治州,92
2442,昆明,92
2443,丽江,92
2444,临沧,92
2445,怒江傈傈族自治州,92
2446,曲靖,92
2447,思茅,92
2448,文山壮族苗族自治州,92
2449,西双版纳傣族自治州,92
2450,玉溪,92
2451,昭通,92
2537,杭州,93
2538,湖州,93
2539,嘉兴,93
2540,金华,93
2541,丽水,93
2542,宁波,93
2543,绍兴,93
2544,台州,93
2545,温州,93
2546,舟山,93
2547,衢州,93
2617,城口县,94
2618,大足县,94
2619,垫江县,94
2620,丰都县,94
2621,奉节县,94
2622,合川市,94
2623,江津市,94
2624,开县,94
2625,梁平县,94
2626,南川市,94
2627,彭水苗族土家族自治县,94
2628,荣昌县,94
2629,石柱土家族自治县,94
2630,铜梁县,94
2631,巫山县,94
2632,巫溪县,94
2633,武隆县,94
2634,秀山土家族苗族自治县,94
2635,永川市,94
2636,酉阳土家族苗族自治县,94
2637,云阳县,94
2638,忠县,94
2639,重庆市,94
2640,潼南县,94
2641,璧山县,94
2642,綦江县,94
96,安庆市,95
97,怀宁县,95
98,潜山县,95
99,宿松县,95
100,太湖县,95
101,桐城市,95
102,望江县,95
103,岳西县,95
104,枞阳县,95
121,固镇县,105
122,怀远县,105
123,五河县,105
124,蚌埠市,105
125,巢湖市,106
126,含山县,106
127,和县,106
128,庐江县,106
129,无为县,106
130,池州市,107
131,东至县,107
132,青阳县,107
133,石台县,107
134,滁州市,108
135,定远县,108
136,凤阳县,108
137,来安县,108
138,明光市,108
139,全椒县,108
140,天长市,108
141,阜南县,109
142,阜阳市,109
143,界首市,109
144,临泉县,109
145,太和县,109
146,颖上县,109
147,长丰县,110
148,肥东县,110
149,肥西县,110
150,合肥市,110
151,淮北市,111
152,濉溪县,111
153,凤台县,112
154,淮南市,112
155,黄山市,113
156,祁门县,113
157,休宁县,113
158,歙县,113
159,黟县,113
160,霍邱县,114
161,霍山县,114
162,金寨县,114
163,六安市,114
164,寿县,114
165,舒城县,114
166,当涂县,115
167,马鞍山市,115
168,灵璧县,116
169,宿州市,116
170,萧县,116
171,泗县,116
172,砀山县,116
173,铜陵市,117
174,铜陵县,117
175,繁昌县,118
176,南陵县,118
177,芜湖市,118
178,芜湖县,118
179,广德县,119
180,绩溪县,119
181,郎溪县,119
182,宁国市,119
183,宣城市,119
184,泾县,119
185,旌德县,119
186,利辛县,120
187,蒙城县,120
188,涡阳县,120
189,亳州市,120
203,长乐市,194
204,福清市,194
205,福州市,194
206,连江县,194
207,罗源县,194
208,闽侯县,194
209,闽清县,194
210,平潭县,194
211,永泰县,194
212,长汀县,195
213,连城县,195
214,龙岩市,195
215,上杭县,195
216,武平县,195
217,永定县,195
218,漳平市,195
219,光泽县,196
220,建阳市,196
221,建瓯市,196
222,南平市,196
223,浦城县,196
224,邵武市,196
225,顺昌县,196
226,松溪县,196
227,武夷山市,196
228,政和县,196
229,福安市,197
230,福鼎市,197
231,古田县,197
232,宁德市,197
233,屏南县,197
234,寿宁县,197
235,霞浦县,197
236,周宁县,197
237,柘荣县,197
238,莆田市,198
239,仙游县,198
240,安溪县,199
241,德化县,199
242,惠安县,199
243,金门县,199
244,晋江市,199
245,南安市,199
246,泉州市,199
247,石狮市,199
248,永春县,199
249,大田县,200
250,建宁县,200
251,将乐县,200
252,明溪县,200
253,宁化县,200
254,清流县,200
255,三明市,200
256,沙县,200
257,泰宁县,200
258,永安市,200
259,尤溪县,200
260,厦门市,201
261,长泰县,202
262,东山县,202
263,华安县,202
264,龙海市,202
265,南靖县,202
266,平和县,202
267,云霄县,202
268,漳浦县,202
269,漳州市,202
270,诏安县,202
285,白银市,271
286,会宁县,271
287,景泰县,271
288,靖远县,271
289,定西县,272
290,临洮县,272
291,陇西县,272
292,通渭县,272
293,渭源县,272
294,漳县,272
295,岷县,272
296,迭部县,273
297,合作市,273
298,临潭县,273
299,碌曲县,273
300,玛曲县,273
301,夏河县,273
302,舟曲县,273
303,卓尼县,273
304,嘉峪关市,274
305,金昌市,275
306,永昌县,275
307,阿克塞哈萨克族自治县,276
308,安西县,276
309,敦煌市,276
310,金塔县,276
311,酒泉市,276
312,肃北蒙古族自治县,276
313,玉门市,276
314,皋兰县,277
315,兰州市,277
316,永登县,277
317,榆中县,277
2707,临夏回族自治州,278
318,成县,279
319,徽县,279
320,康县,279
321,礼县,279
322,两当县,279
323,文县,279
324,武都县,279
325,西和县,279
326,宕昌县,279
327,崇信县,280
328,华亭县,280
329,静宁县,280
330,灵台县,280
331,平凉市,280
332,庄浪县,280
333,泾川县,280
334,合水县,281
335,华池县,281
336,环县,281
337,宁县,281
338,庆城县,281
339,庆阳市,281
340,镇原县,281
341,正宁县,281
342,甘谷县,282
343,秦安县,282
344,清水县,282
345,天水市,282
346,武山县,282
347,张家川回族自治县,282
348,古浪县,283
349,民勤县,283
350,天祝藏族自治县,283
351,武威市,283
352,高台县,284
353,临泽县,284
354,民乐县,284
355,山丹县,284
356,肃南裕固族自治县,284
357,张掖市,284
379,潮安县,358
380,潮州市,358
381,饶平县,358
382,东莞市,359
383,佛山市,360
384,从化市,361
386,增城市,361
2684,越秀区,361
2685,荔湾区,361
2686,东山区,361
2687,海珠区,361
2688,天河区,361
2689,白云区,361
2690,黄埔区,361
2691,芳村区,361
2692,番禺区,361
2693,花都区,361
387,东源县,362
388,和平县,362
389,河源市,362
390,连平县,362
391,龙川县,362
392,紫金县,362
393,博罗县,363
394,惠东县,363
395,惠阳市,363
396,惠州市,363
397,龙门县,363
398,恩平市,364
399,鹤山市,364
400,江门市,364
401,开平市,364
402,台山市,364
403,惠来县,365
404,揭东县,365
405,揭西县,365
406,揭阳市,365
407,普宁市,365
408,电白县,366
409,高州市,366
410,化州市,366
411,茂名市,366
412,信宜市,366
413,大埔县,367
414,丰顺县,367
415,蕉岭县,367
416,梅县,367
417,梅州市,367
418,平远县,367
419,五华县,367
420,兴宁市,367
421,佛冈县,368
422,连南瑶族自治县,368
423,连山壮族瑶族自治县,368
424,连州市,368
425,清新县,368
426,清远市,368
427,阳山县,368
428,英德市,368
429,潮阳市,369
430,澄海市,369
431,南澳县,369
432,汕头市,369
433,海丰县,370
434,陆丰市,370
435,陆河县,370
436,汕尾市,370
437,乐昌市,371
438,南雄市,371
439,曲江县,371
440,仁化县,371
441,乳源瑶族自治县,371
442,韶关市,371
443,始兴县,371
444,翁源县,371
445,新丰县,371
2643,罗湖区,372
2644,福田区,372
2645,南山区,372
2646,盐田区,372
2647,宝安区,372
2648,龙岗区,372
447,阳春市,373
448,阳东县,373
449,阳江市,373
450,阳西县,373
451,罗定市,374
452,新兴县,374
453,郁南县,374
454,云安县,374
455,云浮市,374
456,雷州市,375
457,廉江市,375
458,遂溪县,375
459,吴川市,375
460,徐闻县,375
461,湛江市,375
462,德庆县,376
463,封开县,376
464,高要市,376
465,广宁县,376
466,怀集县,376
467,四会市,376
468,肇庆市,376
469,中山市,377
470,珠海市,378
485,百色市,471
486,德保县,471
487,靖西县,471
488,乐业县,471
489,凌云县,471
490,隆林各族自治县,471
491,那坡县,471
492,平果县,471
493,田东县,471
494,田林县,471
495,田阳县,471
496,西林县,471
497,北海市,472
498,合浦县,472
499,崇左市,473
500,大新县,473
501,扶绥县,473
502,龙州县,473
503,宁明县,473
504,凭祥市,473
505,天等县,473
506,东兴市,474
507,防城港市,474
508,上思县,474
509,恭城瑶族自治县,475
510,灌阳县,475
511,桂林市,475
512,荔浦县,475
513,临桂县,475
514,灵川县,475
515,龙胜各族自治县,475
516,平乐县,475
517,全州县,475
518,兴安县,475
519,阳朔县,475
520,永福县,475
521,资源县,475
522,桂平市,476
523,贵港市,476
524,平南县,476
525,巴马瑶族自治县,477
526,大化瑶族自治县,477
527,东兰县,477
528,都安瑶族自治县,477
529,凤山县,477
530,河池市,477
531,环江毛南族自治县,477
532,罗城仡佬族自治县,477
533,南丹县,477
534,天峨县,477
535,宜州市,477
536,富川瑶族自治县,478
537,贺州市,478
538,昭平县,478
539,钟山县,478
540,合山市,479
541,金秀瑶族自治县,479
542,来宾市,479
543,武宣县,479
544,象州县,479
545,忻城县,479
546,柳城县,480
547,柳江县,480
548,柳州市,480
549,鹿寨县,480
550,融安县,480
551,融水苗族自治县,480
552,三江侗族自治县,480
553,宾阳县,481
554,横县,481
555,隆安县,481
556,马山县,481
557,南宁市,481
558,上林县,481
559,武鸣县,481
560,邕宁县,481
561,灵山县,482
562,浦北县,482
563,钦州市,482
564,苍梧县,483
565,蒙山县,483
566,藤县,483
567,梧州市,483
568,岑溪市,483
569,北流市,484
570,博白县,484
571,陆川县,484
572,容县,484
573,兴业县,484
574,玉林市,484
2708,安顺,575
2709,毕节,576
584,贵阳市,577
585,开阳县,577
586,清镇市,577
587,息烽县,577
588,修文县,577
589,六盘水市,578
590,六枝特区,578
591,盘县,578
592,水城县,578
593,从江县,579
594,丹寨县,579
595,黄平县,579
596,剑河县,579
597,锦屏县,579
598,凯里市,579
599,雷山县,579
600,黎平县,579
601,麻江县,579
602,三穗县,579
603,施秉县,579
604,台江县,579
605,天柱县,579
606,镇远县,579
607,岑巩县,579
608,榕江县,579
609,长顺县,580
610,都匀市,580
611,独山县,580
612,福泉市,580
613,贵定县,580
614,惠水县,580
615,荔波县,580
616,龙里县,580
617,罗甸县,580
618,平塘县,580
619,三都水族自治县,580
620,瓮安县,580
621,安龙县,581
622,册亨县,581
623,普安县,581
624,晴隆县,581
625,望谟县,581
626,兴仁县,581
627,兴义市,581
628,贞丰县,581
2710,铜仁,582
2711,遵义,583
647,白沙黎族自治县,629
648,保亭黎族苗族自治县,630
649,昌江黎族自治县,631
650,澄迈县,632
651,定安县,633
652,东方市,634
653,海口市,635
654,乐东黎族自治县,636
655,临高县,637
656,陵水黎族自治县,638
657,琼海市,639
658,琼中黎族苗族自治县,640
659,三亚市,641
660,屯昌县,642
661,万宁市,643
665,文昌市,644
663,五指山市,645
664,儋州市,646
677,安国市,666
678,安新县,666
679,保定市,666
680,博野县,666
681,定兴县,666
682,定州市,666
683,阜平县,666
684,高碑店市,666
685,高阳县,666
686,满城县,666
687,清苑县,666
688,曲阳县,666
689,容城县,666
690,顺平县,666
691,唐县,666
692,望都县,666
693,雄县,666
694,徐水县,666
695,易县,666
696,涞水县,666
697,涞源县,666
698,涿州市,666
699,蠡县,666
700,泊头市,667
701,沧县,667
702,沧州市,667
703,东光县,667
704,海兴县,667
705,河间市,667
706,黄骅市,667
707,孟村回族自治县,667
708,南皮县,667
709,青县,667
710,任丘市,667
711,肃宁县,667
712,吴桥县,667
713,献县,667
714,盐山县,667
715,承德市,668
716,承德县,668
717,丰宁满族自治县,668
718,宽城满族自治县,668
719,隆化县,668
720,滦平县,668
721,平泉县,668
722,围场满族蒙古族自治县,668
723,兴隆县,668
724,成安县,669
725,磁县,669
726,大名县,669
727,肥乡县,669
728,馆陶县,669
729,广平县,669
730,邯郸市,669
731,邯郸县,669
732,鸡泽县,669
733,临漳县,669
734,邱县,669
735,曲周县,669
736,涉县,669
737,魏县,669
738,武安市,669
739,永年县,669
740,安平县,670
741,阜城县,670
742,故城县,670
743,衡水市,670
744,冀州市,670
745,景县,670
746,饶阳县,670
747,深州市,670
748,武强县,670
749,武邑县,670
750,枣强县,670
751,霸州市,671
752,大厂回族自治县,671
753,大城县,671
754,固安县,671
755,廊坊市,671
756,三河市,671
757,文安县,671
758,香河县,671
759,永清县,671
760,昌黎县,672
761,抚宁县,672
762,卢龙县,672
763,秦皇岛市,672
764,青龙满族自治县,672
765,高邑县,673
766,晋州市,673
767,井陉县,673
768,灵寿县,673
769,鹿泉市,673
770,平山县,673
771,深泽县,673
772,石家庄市,673
773,无极县,673
774,辛集市,673
775,新乐市,673
776,行唐县,673
777,元氏县,673
778,赞皇县,673
779,赵县,673
780,正定县,673
781,藁城市,673
782,栾城县,673
783,乐亭县,674
784,滦南县,674
785,滦县,674
786,迁安市,674
787,迁西县,674
788,唐海县,674
789,唐山市,674
790,玉田县,674
791,遵化市,674
792,柏乡县,675
793,广宗县,675
794,巨鹿县,675
795,临城县,675
796,临西县,675
797,隆尧县,675
798,南宫市,675
799,南和县,675
800,内丘县,675
801,宁晋县,675
802,平乡县,675
803,清河县,675
804,任县,675
805,沙河市,675
806,威县,675
807,新河县,675
808,邢台市,675
809,邢台县,675
810,赤城县,676
811,崇礼县,676
812,沽源县,676
813,怀安县,676
814,怀来县,676
815,康保县,676
816,尚义县,676
817,万全县,676
818,蔚县,676
819,宣化县,676
820,阳原县,676
821,张北县,676
822,张家口市,676
823,涿鹿县,676
842,安阳市,824
843,安阳县,824
844,滑县,824
845,林州市,824
846,内黄县,824
847,汤阴县,824
848,鹤壁市,825
849,浚县,825
850,淇县,825
851,济源市,826
852,博爱县,827
853,焦作市,827
854,孟州市,827
855,沁阳市,827
856,温县,827
857,武陟县,827
858,修武县,827
859,开封市,828
860,开封县,828
861,兰考县,828
862,通许县,828
863,尉氏县,828
864,杞县,828
865,洛宁县,829
866,洛阳市,829
867,孟津县,829
868,汝阳县,829
869,新安县,829
870,伊川县,829
871,宜阳县,829
872,偃师市,829
873,嵩县,829
874,栾川县,829
877,邓州市,830
878,方城县,830
879,南阳市,830
880,南召县,830
881,内乡县,830
882,社旗县,830
883,唐河县,830
884,桐柏县,830
885,西峡县,830
886,新野县,830
887,镇平县,830
888,淅川县,830
889,宝丰县,831
890,鲁山县,831
891,平顶山市,831
892,汝州市,831
893,舞钢市,831
894,叶县,831
895,郏县,831
896,灵宝市,832
897,卢氏县,832
898,三门峡市,832
899,陕县,832
900,义马市,832
901,渑池县,832
902,民权县,833
903,宁陵县,833
904,商丘市,833
905,夏邑县,833
906,永城市,833
907,虞城县,833
908,柘城县,833
909,睢县,833
910,长垣县,834
911,封丘县,834
912,辉县市,834
913,获嘉县,834
914,卫辉市,834
915,新乡市,834
916,新乡县,834
917,延津县,834
918,原阳县,834
919,固始县,835
920,光山县,835
921,淮滨县,835
922,罗山县,835
923,商城县,835
924,息县,835
925,新县,835
926,信阳市,835
927,潢川县,835
928,长葛市,836
929,襄城县,836
930,许昌市,836
931,许昌县,836
932,禹州市,836
933,鄢陵县,836
934,登封市,837
935,巩义市,837
936,新密市,837
937,新郑市,837
938,郑州市,837
939,中牟县,837
940,荥阳市,837
941,郸城县,838
942,扶沟县,838
943,淮阳县,838
944,鹿邑县,838
945,商水县,838
946,沈丘县,838
947,太康县,838
948,西华县,838
949,项城市,838
950,周口市,838
951,泌阳县,839
952,平舆县,839
953,确山县,839
954,汝南县,839
955,上蔡县,839
956,遂平县,839
957,西平县,839
958,新蔡县,839
959,正阳县,839
960,驻马店市,839
961,临颍县,840
962,舞阳县,840
963,郾城县,840
964,漯河市,840
965,范县,841
966,南乐县,841
967,清丰县,841
968,台前县,841
969,濮阳市,841
970,濮阳县,841
984,大庆市,971
985,杜尔伯特蒙古族自治县,971
986,林甸县,971
987,肇源县,971
988,肇州县,971
989,呼玛县,972
990,漠河县,972
991,塔河县,972
992,阿城市,973
993,巴彦县,973
994,宾县,973
995,方正县,973
996,哈尔滨市,973
997,呼兰县,973
998,木兰县,973
999,尚志市,973
1000,双城市,973
1001,通河县,973
1002,五常市,973
1003,延寿县,973
1004,依兰县,973
1005,鹤岗市,974
1006,萝北县,974
1007,绥滨县,974
1008,北安市,975
1009,黑河市,975
1010,嫩江县,975
1011,孙吴县,975
1012,五大连池市,975
1013,逊克县,975
1014,虎林市,976
1015,鸡东县,976
1016,鸡西市,976
1017,密山市,976
1018,抚远县,977
1019,富锦市,977
1020,佳木斯市,977
1021,汤原县,977
1022,同江市,977
1023,桦川县,977
1024,桦南县,977
1025,东宁县,978
1026,海林市,978
1027,林口县,978
1028,牡丹江市,978
1029,穆棱市,978
1030,宁安市,978
1031,绥芬河市,978
1032,勃利县,979
1033,七台河市,979
1034,拜泉县,980
1035,富裕县,980
1036,甘南县,980
1037,克东县,980
1038,克山县,980
1039,龙江县,980
1040,齐齐哈尔市,980
1041,泰来县,980
1042,依安县,980
1043,讷河市,980
1044,宝清县,981
1045,集贤县,981
1046,饶河县,981
1047,双鸭山市,981
1048,友谊县,981
1049,安达市,982
1050,海伦市,982
1051,兰西县,982
1052,明水县,982
1053,青冈县,982
1054,庆安县,982
1055,绥化市,982
1056,绥棱县,982
1057,望奎县,982
1058,肇东市,982
1059,嘉荫县,983
1060,铁力市,983
1061,伊春市,983
1079,鄂州市,1062
1080,巴东县,1063
1081,恩施市,1063
1082,鹤峰县,1063
1083,建始县,1063
1084,来凤县,1063
1085,利川市,1063
1086,咸丰县,1063
1087,宣恩县,1063
1088,红安县,1064
1089,黄冈市,1064
1090,黄梅县,1064
1091,罗田县,1064
1092,麻城市,1064
1093,团风县,1064
1094,武穴市,1064
1095,英山县,1064
1096,蕲春县,1064
1097,浠水县,1064
1098,大冶市,1065
1099,黄石市,1065
1100,阳新县,1065
1101,荆门市,1066
1102,京山县,1066
1103,沙洋县,1066
1104,钟祥市,1066
1105,公安县,1067
1106,洪湖市,1067
1107,监利县,1067
1108,江陵县,1067
1109,荆州市,1067
1110,石首市,1067
1111,松滋市,1067
1112,潜江市,1068
1113,神农架林区,1069
1114,丹江口市,1070
1115,房县,1070
1116,十堰市,1070
1117,郧西县,1070
1118,郧县,1070
1119,竹山县,1070
1120,竹溪县,1070
1121,广水市,1071
1122,随州市,1071
1123,天门市,1072
1124,武汉市,1073
1125,仙桃市,1074
1126,赤壁市,1075
1127,崇阳县,1075
1128,嘉鱼县,1075
1129,通城县,1075
1130,通山县,1075
1131,咸宁市,1075
1132,保康县,1076
1133,谷城县,1076
1134,老河口市,1076
1135,南漳县,1076
1136,襄樊市,1076
1137,宜城市,1076
1138,枣阳市,1076
1139,安陆市,1077
1140,大悟县,1077
1141,汉川市,1077
1142,孝昌县,1077
1143,孝感市,1077
1144,应城市,1077
1145,云梦县,1077
1146,长阳土家族自治县,1078
1147,当阳市,1078
1148,五峰土家族自治县,1078
1149,兴山县,1078
1150,宜昌市,1078
1151,宜都市,1078
1152,远安县,1078
1153,枝江市,1078
1154,秭归县,1078
1169,安乡县,1155
1170,常德市,1155
1171,汉寿县,1155
1172,津市市,1155
1173,临澧县,1155
1174,石门县,1155
1175,桃源县,1155
1176,澧县,1155
1177,长沙市,1156
1178,长沙县,1156
1179,宁乡县,1156
1180,望城县,1156
1181,浏阳市,1156
1182,安仁县,1157
1183,郴州市,1157
1184,桂东县,1157
1185,桂阳县,1157
1186,嘉禾县,1157
1187,临武县,1157
1188,汝城县,1157
1189,宜章县,1157
1190,永兴县,1157
1191,资兴市,1157
1192,常宁市,1158
1193,衡东县,1158
1194,衡南县,1158
1195,衡山县,1158
1196,衡阳市,1158
1197,衡阳县,1158
1198,祁东县,1158
1199,耒阳市,1158
1200,辰溪县,1159
1201,洪江市,1159
1202,怀化市,1159
1203,会同县,1159
1204,靖州苗族侗族自治县,1159
1205,麻阳苗族自治县,1159
1206,通道侗族自治县,1159
1207,新晃侗族自治县,1159
1208,中方县,1159
1209,芷江侗族自治县,1159
1210,沅陵县,1159
1211,溆浦县,1159
1212,冷水江市,1160
1213,涟源市,1160
1214,娄底市,1160
1215,双峰县,1160
1216,新化县,1160
1217,城步苗族自治县,1161
1218,洞口县,1161
1219,隆回县,1161
1220,邵东县,1161
1221,邵阳市,1161
1222,邵阳县,1161
1223,绥宁县,1161
1224,武冈市,1161
1225,新宁县,1161
1226,新邵县,1161
1227,韶山市,1162
1228,湘潭市,1162
1229,湘潭县,1162
1230,湘乡市,1162
1231,保靖县,1163
1232,凤凰县,1163
1233,古丈县,1163
1234,花垣县,1163
1235,吉首市,1163
1236,龙山县,1163
1237,永顺县,1163
1238,泸溪县,1163
1239,安化县,1164
1240,南县,1164
1241,桃江县,1164
1242,益阳市,1164
1243,沅江市,1164
1244,道县,1165
1245,东安县,1165
1246,江华瑶族自治县,1165
1247,江永县,1165
1248,蓝山县,1165
1249,宁远县,1165
1250,祁阳县,1165
1251,双牌县,1165
1253,新田县,1165
1254,永州市,1165
1255,华容县,1166
1256,临湘市,1166
1257,平江县,1166
1258,湘阴县,1166
1259,岳阳市,1166
1260,岳阳县,1166
1261,汨罗市,1166
1262,慈利县,1167
1263,桑植县,1167
1264,张家界市,1167
1265,茶陵县,1168
1266,炎陵县,1168
1267,株洲市,1168
1268,株洲县,1168
1269,攸县,1168
1270,醴陵市,1168
1280,白城市,1271
1281,大安市,1271
1282,通榆县,1271
1283,镇赉县,1271
1284,洮南市,1271
1285,白山市,1272
1286,长白朝鲜族自治县,1272
1287,抚松县,1272
1288,江源县,1272
1289,靖宇县,1272
1290,临江市,1272
1291,长春市,1273
1292,德惠市,1273
1293,九台市,1273
1294,农安县,1273
1295,榆树市,1273
1296,吉林市,1274
1297,磐石市,1274
1298,舒兰市,1274
1299,永吉县,1274
1300,桦甸市,1274
1301,蛟河市,1274
1302,东丰县,1275
1303,东辽县,1275
1304,辽源市,1275
1305,公主岭市,1276
1306,梨树县,1276
1307,双辽市,1276
1308,四平市,1276
1309,伊通满族自治县,1276
1310,长岭县,1277
1311,扶余县,1277
1312,乾安县,1277
1313,前郭尔罗斯蒙古族自治县,1277
1314,松原市,1277
1315,辉南县,1278
1316,集安市,1278
1317,柳河县,1278
1318,梅河口市,1278
1319,通化市,1278
1320,通化县,1278
1321,安图县,1279
1322,敦化市,1279
1323,和龙市,1279
1324,龙井市,1279
1325,图们市,1279
1326,汪清县,1279
1327,延吉市,1279
1328,珲春市,1279
1342,常州市,1329
1343,金坛市,1329
1344,溧阳市,1329
1345,洪泽县,1330
1346,淮安市,1330
1347,金湖县,1330
1348,涟水县,1330
1349,盱眙县,1330
1350,东海县,1331
1351,赣榆县,1331
1352,灌南县,1331
1353,灌云县,1331
1354,连云港市,1331
1355,高淳县,1332
1356,南京市,1332
1357,溧水县,1332
1358,海安县,1333
1359,海门市,1333
1360,南通市,1333
1361,启东市,1333
1362,如东县,1333
1363,如皋市,1333
1364,通州市,1333
1365,常熟市,1334
1366,昆山市,1334
1367,苏州市,1334
1368,太仓市,1334
1369,吴江市,1334
1370,张家港市,1334
1371,宿迁市,1335
1372,宿豫县,1335
1373,沭阳县,1335
1374,泗洪县,1335
1375,泗阳县,1335
1376,姜堰市,1336
1377,靖江市,1336
1378,泰兴市,1336
1379,泰州市,1336
1380,兴化市,1336
1381,江阴市,1337
1382,无锡市,1337
1383,宜兴市,1337
1384,丰县,1338
1385,沛县,1338
1386,铜山县,1338
1387,新沂市,1338
1388,徐州市,1338
1389,邳州市,1338
1390,睢宁县,1338
1391,滨海县,1339
1392,大丰市,1339
1393,东台市,1339
1394,阜宁县,1339
1395,建湖县,1339
1396,射阳县,1339
1397,响水县,1339
1398,盐城市,1339
1399,盐都县,1339
1400,宝应县,1340
1401,高邮市,1340
1402,江都市,1340
1403,扬州市,1340
1404,仪征市,1340
1405,丹阳市,1341
1406,句容市,1341
1407,扬中市,1341
1408,镇江市,1341
1420,崇仁县,1409
1421,东乡县,1409
1422,抚州市,1409
1423,广昌县,1409
1424,金溪县,1409
1425,乐安县,1409
1426,黎川县,1409
1427,南城县,1409
1428,南丰县,1409
1429,宜黄县,1409
1430,资溪县,1409
1431,安远县,1410
1432,崇义县,1410
1433,大余县,1410
1434,定南县,1410
1435,赣县,1410
1436,赣州市,1410
1437,会昌县,1410
1438,龙南县,1410
1439,南康市,1410
1440,宁都县,1410
1441,全南县,1410
1442,瑞金市,1410
1443,上犹县,1410
1444,石城县,1410
1445,信丰县,1410
1446,兴国县,1410
1447,寻乌县,1410
1448,于都县,1410
1449,安福县,1411
1450,吉安市,1411
1451,吉安县,1411
1452,吉水县,1411
1453,井冈山市,1411
1454,遂川县,1411
1455,泰和县,1411
1456,万安县,1411
1457,峡江县,1411
1458,新干县,1411
1459,永丰县,1411
1460,永新县,1411
1461,浮梁县,1412
1462,景德镇市,1412
1463,乐平市,1412
1464,德安县,1413
1465,都昌县,1413
1466,湖口县,1413
1467,九江市,1413
1468,九江县,1413
1469,彭泽县,1413
1470,瑞昌市,1413
1471,武宁县,1413
1472,星子县,1413
1473,修水县,1413
1474,永修县,1413
1475,安义县,1414
1476,进贤县,1414
1477,南昌市,1414
1478,南昌县,1414
1479,新建县,1414
1480,莲花县,1415
1481,芦溪县,1415
1482,萍乡市,1415
1483,上栗县,1415
1484,波阳县,1416
1485,德兴市,1416
1486,广丰县,1416
1487,横峰县,1416
1488,铅山县,1416
1489,上饶市,1416
1490,上饶县,1416
1491,万年县,1416
1492,余干县,1416
1493,玉山县,1416
1494,弋阳县,1416
1495,婺源县,1416
1496,分宜县,1417
1497,新余市,1417
1498,丰城市,1418
1499,奉新县,1418
1500,高安市,1418
1501,靖安县,1418
1502,上高县,1418
1503,铜鼓县,1418
1504,万载县,1418
1505,宜春市,1418
1506,宜丰县,1418
1507,樟树市,1418
1508,贵溪市,1419
1509,鹰潭市,1419
1510,余江县,1419
1525,鞍山市,1511
1526,海城市,1511
1527,台安县,1511
1528,岫岩满族自治县,1511
1529,本溪满族自治县,1512
1530,本溪市,1512
1531,桓仁满族自治县,1512
1532,北票市,1513
1533,朝阳市,1513
1534,朝阳县,1513
1535,建平县,1513
1536,喀喇沁左翼蒙古族自治县,1513
1537,凌源市,1513
1538,长海县,1514
1540,普兰店市,1514
1541,瓦房店市,1514
1542,庄河市,1514
2694,中山区,1514
2695,西岗区,1514
2696,沙河口区,1514
2697,甘井子区,1514
2698,旅顺口区,1514
2699,金州区,1514
1543,丹东市,1515
1544,东港市,1515
1545,凤城市,1515
1546,宽甸满族自治县,1515
1547,抚顺市,1516
1548,抚顺县,1516
1549,清原满族自治县,1516
1550,新宾满族自治县,1516
1551,阜新蒙古族自治县,1517
1552,阜新市,1517
1553,彰武县,1517
1554,葫芦岛市,1518
1555,建昌县,1518
1556,绥中县,1518
1557,兴城市,1518
1558,北宁市,1519
1559,黑山县,1519
1560,锦州市,1519
1561,凌海市,1519
1562,义县,1519
1563,灯塔市,1520
1564,辽阳市,1520
1565,辽阳县,1520
1566,大洼县,1521
1567,盘锦市,1521
1568,盘山县,1521
1569,法库县,1522
1570,康平县,1522
1571,辽中县,1522
1572,沈阳市,1522
1573,新民市,1522
1574,昌图县,1523
1575,调兵山市,1523
1576,开原市,1523
1577,铁岭市,1523
1578,铁岭县,1523
1579,西丰县,1523
1580,大石桥市,1524
1581,盖州市,1524
1582,营口市,1524
1595,阿拉善右旗,1583
1596,阿拉善左旗,1583
1597,额济纳旗,1583
1598,杭锦后旗,1584
1599,临河市,1584
1600,乌拉特后旗,1584
1601,乌拉特前旗,1584
1602,乌拉特中旗,1584
1603,五原县,1584
1604,磴口县,1584
1605,包头市,1585
1606,达尔罕茂明安联合旗,1585
1607,固阳县,1585
1608,土默特右旗,1585
1609,阿鲁科尔沁旗,1586
1610,敖汉旗,1586
1611,巴林右旗,1586
1612,巴林左旗,1586
1613,赤峰市,1586
1614,喀喇沁旗,1586
1615,克什克腾旗,1586
1616,林西县,1586
1617,宁城县,1586
1618,翁牛特旗,1586
1619,达拉特旗,1587
1620,鄂尔多斯市,1587
1621,鄂托克旗,1587
1622,鄂托克前旗,1587
1623,杭锦旗,1587
1624,乌审旗,1587
1625,伊金霍洛旗,1587
1626,准格尔旗,1587
1627,和林格尔县,1588
1628,呼和浩特市,1588
1629,清水河县,1588
1630,土默特左旗,1588
1631,托克托县,1588
1632,武川县,1588
1633,阿荣旗,1589
1634,陈巴尔虎旗,1589
1635,额尔古纳市,1589
1636,鄂伦春自治旗,1589
1637,鄂温克族自治旗,1589
1638,根河市,1589
1639,呼伦贝尔市,1589
1640,满洲里市,1589
1641,莫力达瓦达斡尔族自治旗,1589
1642,新巴尔虎右旗,1589
1643,新巴尔虎左旗,1589
1644,牙克石市,1589
1645,扎兰屯市,1589
1646,霍林郭勒市,1590
1647,开鲁县,1590
1648,科尔沁左翼后旗,1590
1649,科尔沁左翼中旗,1590
1650,库伦旗,1590
1651,奈曼旗,1590
1652,通辽市,1590
1653,扎鲁特旗,1590
1654,乌海市,1591
1655,察哈尔右翼后旗,1592
1656,察哈尔右翼前旗,1592
1657,察哈尔右翼中旗,1592
1658,丰镇市,1592
1659,化德县,1592
1660,集宁市,1592
1661,凉城县,1592
1662,商都县,1592
1663,四子王旗,1592
1664,兴和县,1592
1665,卓资县,1592
1666,阿巴嘎旗,1593
1667,东乌珠穆沁旗,1593
1668,多伦县,1593
1669,二连浩特市,1593
1670,苏尼特右旗,1593
1671,苏尼特左旗,1593
1672,太仆寺旗,1593
1673,西乌珠穆沁旗,1593
1674,锡林浩特市,1593
1675,镶黄旗,1593
1676,正蓝旗,1593
1677,正镶白旗,1593
1678,阿尔山市,1594
1679,科尔沁右翼前旗,1594
1680,科尔沁右翼中旗,1594
1681,突泉县,1594
1682,乌兰浩特市,1594
1683,扎赉特旗,1594
1688,固原市,1684
1689,海原县,1684
1690,隆德县,1684
1691,彭阳县,1684
1692,西吉县,1684
1693,泾源县,1684
1694,惠农县,1685
1695,平罗县,1685
1696,石嘴山市,1685
1697,陶乐县,1685
1698,青铜峡市,1686
1699,同心县,1686
1700,吴忠市,1686
1701,盐池县,1686
1702,中宁县,1686
1704,贺兰县,1687
1705,灵武市,1687
1706,银川市,1687
1707,永宁县,1687
1716,班玛县,1708
1717,达日县,1708
1718,甘德县,1708
1719,久治县,1708
1720,玛多县,1708
1721,玛沁县,1708
1722,刚察县,1709
1723,海晏县,1709
1724,门源回族自治县,1709
1725,祁连县,1709
1726,互助土族自治县,1710
1727,化隆回族自治县,1710
1728,乐都县,1710
1729,民和回族土族自治县,1710
1730,平安县,1710
1731,循化撒拉族自治县,1710
1732,共和县,1711
1733,贵德县,1711
1734,贵南县,1711
1735,同德县,1711
1736,兴海县,1711
1737,德令哈市,1712
1738,都兰县,1712
1739,格尔木市,1712
1740,天峻县,1712
1741,乌兰县,1712
1742,河南蒙古族自治县,1713
1743,尖扎县,1713
1744,同仁县,1713
1745,泽库县,1713
1746,大通回族土族自治县,1714
1747,西宁市,1714
1748,湟源县,1714
1749,湟中县,1714
1750,称多县,1715
1751,囊谦县,1715
1752,曲麻莱县,1715
1753,玉树县,1715
1754,杂多县,1715
1755,治多县,1715
1773,滨州市,1756
1774,博兴县,1756
1775,惠民县,1756
1776,无棣县,1756
1777,阳信县,1756
1778,沾化县,1756
1779,邹平县,1756
1780,德州市,1757
1781,乐陵市,1757
1782,临邑县,1757
1783,陵县,1757
1784,宁津县,1757
1785,平原县,1757
1786,齐河县,1757
1787,庆云县,1757
1788,武城县,1757
1789,夏津县,1757
1790,禹城市,1757
1791,东营市,1758
1792,广饶县,1758
1793,垦利县,1758
1794,利津县,1758
1795,曹县,1759
1796,成武县,1759
1797,单县,1759
1798,定陶县,1759
1799,东明县,1759
1800,菏泽市,1759
1801,巨野县,1759
1802,郓城县,1759
1803,鄄城县,1759
1804,济南市,1760
1805,济阳县,1760
1806,平阴县,1760
1807,商河县,1760
1808,章丘市,1760
1809,济宁市,1761
1810,嘉祥县,1761
1811,金乡县,1761
1812,梁山县,1761
1813,曲阜市,1761
1814,微山县,1761
1815,鱼台县,1761
1816,邹城市,1761
1817,兖州市,1761
1818,汶上县,1761
1819,泗水县,1761
1820,莱芜市,1762
1821,东阿县,1763
1822,高唐县,1763
1823,冠县,1763
1824,聊城市,1763
1825,临清市,1763
1826,阳谷县,1763
1827,茌平县,1763
1828,莘县,1763
1829,苍山县,1764
1830,费县,1764
1831,临沂市,1764
1832,临沭县,1764
1833,蒙阴县,1764
1834,平邑县,1764
1835,沂南县,1764
1836,沂水县,1764
1837,郯城县,1764
1838,莒南县,1764
1839,即墨市,1765
1840,胶南市,1765
1841,胶州市,1765
1842,莱西市,1765
1843,平度市,1765
1844,青岛市,1765
1845,日照市,1766
1846,五莲县,1766
1847,莒县,1766
1848,东平县,1767
1849,肥城市,1767
1850,宁阳县,1767
1851,泰安市,1767
1852,新泰市,1767
1853,荣成市,1768
1854,乳山市,1768
1855,威海市,1768
1856,文登市,1768
1857,安丘市,1769
1858,昌乐县,1769
1859,昌邑市,1769
1860,高密市,1769
1861,临朐县,1769
1862,青州市,1769
1863,寿光市,1769
1864,潍坊市,1769
1865,诸城市,1769
1866,长岛县,1770
1867,海阳市,1770
1868,莱阳市,1770
1869,莱州市,1770
1870,龙口市,1770
1871,蓬莱市,1770
1872,栖霞市,1770
1873,烟台市,1770
1874,招远市,1770
1875,枣庄市,1771
1876,滕州市,1771
1877,高青县,1772
1878,桓台县,1772
1879,沂源县,1772
1880,淄博市,1772
1892,长治市,1881
1893,长治县,1881
1894,长子县,1881
1895,壶关县,1881
1896,黎城县,1881
1897,潞城市,1881
1898,平顺县,1881
1899,沁县,1881
1900,沁源县,1881
1901,屯留县,1881
1902,武乡县,1881
1903,襄垣县,1881
1904,大同市,1882
1905,大同县,1882
1906,广灵县,1882
1907,浑源县,1882
1908,灵丘县,1882
1909,天镇县,1882
1910,阳高县,1882
1911,左云县,1882
1912,高平市,1883
1913,晋城市,1883
1914,陵川县,1883
1915,沁水县,1883
1916,阳城县,1883
1917,泽州县,1883
1918,和顺县,1884
1919,介休市,1884
1920,晋中市,1884
1921,灵石县,1884
1922,平遥县,1884
1923,祁县,1884
1924,寿阳县,1884
1925,太谷县,1884
1926,昔阳县,1884
1927,榆社县,1884
1928,左权县,1884
1929,安泽县,1885
1930,大宁县,1885
1931,汾西县,1885
1932,浮山县,1885
1933,古县,1885
1934,洪洞县,1885
1935,侯马市,1885
1936,霍州市,1885
1937,吉县,1885
1938,临汾市,1885
1939,蒲县,1885
1940,曲沃县,1885
1941,襄汾县,1885
1942,乡宁县,1885
1943,翼城县,1885
1944,永和县,1885
1945,隰县,1885
1946,方山县,1886
1947,汾阳市,1886
1948,交城县,1886
1949,交口县,1886
1950,离石市,1886
1951,临县,1886
1952,柳林县,1886
1953,石楼县,1886
1954,文水县,1886
1955,孝义市,1886
1956,兴县,1886
1957,中阳县,1886
1958,岚县,1886
1959,怀仁县,1887
1960,山阴县,1887
1961,朔州市,1887
1962,应县,1887
1963,右玉县,1887
1964,古交市,1888
1965,娄烦县,1888
1966,清徐县,1888
1967,太原市,1888
1968,阳曲县,1888
1969,保德县,1889
1970,代县,1889
1971,定襄县,1889
1972,繁峙县,1889
1973,河曲县,1889
1974,静乐县,1889
1975,宁武县,1889
1976,偏关县,1889
1977,神池县,1889
1978,五台县,1889
1979,五寨县,1889
1980,忻州市,1889
1981,原平市,1889
1982,岢岚县,1889
1983,平定县,1890
1984,阳泉市,1890
1985,盂县,1890
1986,河津市,1891
1987,临猗县,1891
1988,平陆县,1891
1989,万荣县,1891
1990,闻喜县,1891
1991,夏县,1891
1992,新绛县,1891
1993,永济市,1891
1994,垣曲县,1891
1995,运城市,1891
1996,芮城县,1891
1997,绛县,1891
1998,稷山县,1891
2009,安康市,1999
2010,白河县,1999
2011,汉阴县,1999
2012,宁陕县,1999
2013,平利县,1999
2014,石泉县,1999
2015,旬阳县,1999
2016,镇坪县,1999
2017,紫阳县,1999
2018,岚皋县,1999
2019,宝鸡市,2000
2020,宝鸡县,2000
2021,凤县,2000
2022,凤翔县,2000
2023,扶风县,2000
2024,陇县,2000
2025,眉县,2000
2026,千阳县,2000
2027,太白县,2000
2028,岐山县,2000
2029,麟游县,2000
2030,城固县,2001
2031,佛坪县,2001
2032,汉中市,2001
2033,留坝县,2001
2034,略阳县,2001
2035,勉县,2001
2036,南郑县,2001
2037,宁强县,2001
2038,西乡县,2001
2039,洋县,2001
2040,镇巴县,2001
2041,丹凤县,2002
2042,洛南县,2002
2043,山阳县,2002
2044,商洛市,2002
2045,商南县,2002
2046,镇安县,2002
2047,柞水县,2002
2048,铜川市,2003
2049,宜君县,2003
2050,白水县,2004
2051,澄城县,2004
2052,大荔县,2004
2053,富平县,2004
2054,韩城市,2004
2055,合阳县,2004
2056,华县,2004
2057,华阴市,2004
2058,蒲城县,2004
2059,渭南市,2004
2060,潼关县,2004
2061,高陵县,2005
2062,户县,2005
2063,蓝田县,2005
2064,西安市,2005
2065,周至县,2005
2066,彬县,2006
2067,长武县,2006
2068,淳化县,2006
2069,礼泉县,2006
2070,乾县,2006
2071,三原县,2006
2072,武功县,2006
2073,咸阳市,2006
2074,兴平市,2006
2075,旬邑县,2006
2076,永寿县,2006
2077,泾阳县,2006
2078,安塞县,2007
2079,富县,2007
2080,甘泉县,2007
2081,黄陵县,2007
2082,黄龙县,2007
2083,洛川县,2007
2084,吴旗县,2007
2085,延安市,2007
2086,延长县,2007
2087,延川县,2007
2088,宜川县,2007
2089,志丹县,2007
2090,子长县,2007
2091,定边县,2008
2092,府谷县,2008
2093,横山县,2008
2094,佳县,2008
2095,靖边县,2008
2096,米脂县,2008
2097,清涧县,2008
2098,神木县,2008
2099,绥德县,2008
2100,吴堡县,2008
2101,榆林市,2008
2102,子洲县,2008
2126,阿坝县,2105
2127,黑水县,2105
2128,红原县,2105
2129,金川县,2105
2130,九寨沟县,2105
2131,理县,2105
2132,马尔康县,2105
2133,茂县,2105
2134,壤塘县,2105
2135,若尔盖县,2105
2136,松潘县,2105
2137,小金县,2105
2138,汶川县,2105
2139,巴中市,2106
2140,南江县,2106
2141,平昌县,2106
2142,通江县,2106
2143,成都市,2107
2144,崇州市,2107
2145,大邑县,2107
2146,都江堰市,2107
2147,金堂县,2107
2148,彭州市,2107
2149,蒲江县,2107
2150,双流县,2107
2151,新津县,2107
2152,邛崃市,2107
2153,郫县,2107
2154,达县,2108
2155,达州市,2108
2156,大竹县,2108
2157,开江县,2108
2158,渠县,2108
2159,万源市,2108
2160,宣汉县,2108
2161,德阳市,2109
2162,广汉市,2109
2163,罗江县,2109
2164,绵竹市,2109
2165,什邡市,2109
2166,中江县,2109
2167,巴塘县,2110
2168,白玉县,2110
2169,丹巴县,2110
2170,稻城县,2110
2171,道孚县,2110
2172,德格县,2110
2173,得荣县,2110
2174,甘孜县,2110
2175,九龙县,2110
2176,康定县,2110
2177,理塘县,2110
2178,炉霍县,2110
2179,色达县,2110
2180,石渠县,2110
2181,乡城县,2110
2182,新龙县,2110
2183,雅江县,2110
2184,泸定县,2110
2185,广安市,2111
2186,华蓥市,2111
2187,邻水县,2111
2188,武胜县,2111
2189,岳池县,2111
2190,苍溪县,2112
2191,广元市,2112
2192,剑阁县,2112
2193,青川县,2112
2194,旺苍县,2112
2195,峨边彝族自治县,2113
2196,峨眉山市,2113
2197,夹江县,2113
2198,井研县,2113
2199,乐山市,2113
2200,马边彝族自治县,2113
2201,沐川县,2113
2202,犍为县,2113
2203,布拖县,2114
2204,德昌县,2114
2205,甘洛县,2114
2206,会东县,2114
2207,会理县,2114
2208,金阳县,2114
2209,雷波县,2114
2210,美姑县,2114
2211,冕宁县,2114
2212,木里藏族自治县,2114
2213,宁南县,2114
2214,普格县,2114
2215,西昌市,2114
2216,喜德县,2114
2217,盐源县,2114
2218,越西县,2114
2219,昭觉县,2114
2220,丹棱县,2115
2221,洪雅县,2115
2222,眉山市,2115
2223,彭山县,2115
2224,青神县,2115
2225,仁寿县,2115
2226,安县,2116
2227,北川县,2116
2228,江油市,2116
2229,绵阳市,2116
2230,平武县,2116
2231,三台县,2116
2232,盐亭县,2116
2233,梓潼县,2116
2234,南部县,2117
2235,南充市,2117
2236,蓬安县,2117
2237,西充县,2117
2238,仪陇县,2117
2239,营山县,2117
2240,阆中市,2117
2241,隆昌县,2118
2242,内江市,2118
2243,威远县,2118
2244,资中县,2118
2245,米易县,2119
2246,攀枝花市,2119
2247,盐边县,2119
2248,大英县,2120
2249,蓬溪县,2120
2250,射洪县,2120
2251,遂宁市,2120
2252,宝兴县,2121
2253,汉源县,2121
2254,芦山县,2121
2255,名山县,2121
2256,石棉县,2121
2257,天全县,2121
2258,雅安市,2121
2259,荥经县,2121
2260,长宁县,2122
2261,高县,2122
2262,江安县,2122
2263,南溪县,2122
2264,屏山县,2122
2265,兴文县,2122
2266,宜宾市,2122
2267,宜宾县,2122
2268,珙县,2122
2269,筠连县,2122
2270,安岳县,2123
2271,简阳市,2123
2272,乐至县,2123
2273,资阳市,2123
2274,富顺县,2124
2275,荣县,2124
2276,自贡市,2124
2277,古蔺县,2125
2278,合江县,2125
2279,叙永县,2125
2280,泸县,2125
2281,泸州市,2125
2293,措勤县,2286
2294,噶尔县,2286
2295,改则县,2286
2296,革吉县,2286
2297,普兰县,2286
2298,日土县,2286
2299,札达县,2286
2300,八宿县,2287
2301,边坝县,2287
2302,察雅县,2287
2303,昌都县,2287
2304,丁青县,2287
2305,贡觉县,2287
2306,江达县,2287
2307,类乌齐县,2287
2308,洛隆县,2287
2309,芒康县,2287
2310,左贡县,2287
2311,达孜县,2288
2312,当雄县,2288
2313,堆龙德庆县,2288
2314,拉萨市,2288
2315,林周县,2288
2316,墨竹工卡县,2288
2317,尼木县,2288
2318,曲水县,2288
2319,波密县,2289
2320,察隅县,2289
2321,工布江达县,2289
2322,朗县,2289
2323,林芝县,2289
2324,米林县,2289
2325,墨脱县,2289
2326,安多县,2290
2327,巴青县,2290
2328,班戈县,2290
2329,比如县,2290
2330,嘉黎县,2290
2331,那曲县,2290
2332,尼玛县,2290
2333,聂荣县,2290
2334,申扎县,2290
2335,索县,2290
2336,昂仁县,2291
2337,白朗县,2291
2338,定结县,2291
2339,定日县,2291
2340,岗巴县,2291
2341,吉隆县,2291
2342,江孜县,2291
2343,康马县,2291
2344,拉孜县,2291
2345,南木林县,2291
2346,聂拉木县,2291
2347,仁布县,2291
2348,日喀则市,2291
2349,萨嘎县,2291
2350,萨迦县,2291
2351,谢通门县,2291
2352,亚东县,2291
2353,仲巴县,2291
2354,措美县,2292
2355,错那县,2292
2356,贡嘎县,2292
2357,加查县,2292
2358,浪卡子县,2292
2359,隆子县,2292
2360,洛扎县,2292
2361,乃东县,2292
2362,琼结县,2292
2363,曲松县,2292
2364,桑日县,2292
2365,扎囊县,2292
2382,阿克苏市,2366
2383,阿瓦提县,2366
2384,拜城县,2366
2385,柯坪县,2366
2386,库车县,2366
2387,沙雅县,2366
2388,温宿县,2366
2389,乌什县,2366
2390,新和县,2366
2391,阿拉尔市,2367
2392,博湖县,2368
2393,和静县,2368
2394,和硕县,2368
2395,库尔勒市,2368
2396,轮台县,2368
2397,且末县,2368
2398,若羌县,2368
2399,尉犁县,2368
2400,焉耆回族自治县,2368
2401,博乐市,2369
2402,精河县,2369
2403,温泉县,2369
2404,昌吉市,2370
2405,阜康市,2370
2406,呼图壁县,2370
2407,吉木萨尔县,2370
2408,玛纳斯县,2370
2409,米泉市,2370
2410,木垒哈萨克自治县,2370
2411,奇台县,2370
2412,巴里坤哈萨克自治县,2371
2413,哈密市,2371
2414,伊吾县,2371
2415,策勒县,2372
2416,和田市,2372
2417,和田县,2372
2418,洛浦县,2372
2419,民丰县,2372
2420,墨玉县,2372
2421,皮山县,2372
2422,于田县,2372
2715,喀什,2373
2423,克拉玛依市,2374
2424,阿合奇县,2375
2425,阿克陶县,2375
2426,阿图什市,2375
2427,乌恰县,2375
2428,石河子市,2376
2429,图木舒克市,2377
2430,吐鲁番市,2378
2431,托克逊县,2378
2432,鄯善县,2378
2433,乌鲁木齐市,2379
2434,乌鲁木齐县,2379
2435,五家渠市,2380
2716,伊犁哈萨克自治州,2381
2452,保山市,2436
2453,昌宁县,2436
2454,龙陵县,2436
2455,施甸县,2436
2456,腾冲县,2436
2457,楚雄市,2437
2458,大姚县,2437
2459,禄丰县,2437
2460,牟定县,2437
2461,南华县,2437
2462,双柏县,2437
2463,武定县,2437
2464,姚安县,2437
2465,永仁县,2437
2466,元谋县,2437
2467,宾川县,2438
2468,大理市,2438
2469,洱源县,2438
2470,鹤庆县,2438
2471,剑川县,2438
2472,弥渡县,2438
2473,南涧彝族自治县,2438
2474,巍山彝族回族自治县,2438
2475,祥云县,2438
2476,漾濞彝族自治县,2438
2477,永平县,2438
2478,云龙县,2438
2479,梁河县,2439
2480,陇川县,2439
2481,潞西市,2439
2482,瑞丽市,2439
2483,盈江县,2439
2484,德钦县,2440
2485,维西傈僳族自治县,2440
2486,香格里拉县,2440
2487,安宁市,2442
2488,呈贡县,2442
2489,富民县,2442
2490,晋宁县,2442
2491,昆明市,2442
2492,禄劝彝族苗族自治县,2442
2493,石林彝族自治县,2442
2494,寻甸回族自治县,2442
2495,宜良县,2442
2496,嵩明县,2442
2497,华坪县,2443
2498,丽江市,2443
2499,宁蒗彝族自治县,2443
2500,永胜县,2443
2501,玉龙纳西族自治县,2443
2717,临沧,2444
2502,福贡县,2445
2503,贡山独龙族怒族自治县,2445
2504,兰坪白族普米族自治县,2445
2505,泸水县,2445
2506,富源县,2446
2507,会泽县,2446
2508,陆良县,2446
2509,罗平县,2446
2510,马龙县,2446
2511,曲靖市,2446
2512,师宗县,2446
2513,宣威市,2446
2514,沾益县,2446
2515,富宁县,2448
2516,广南县,2448
2517,麻栗坡县,2448
2518,马关县,2448
2519,丘北县,2448
2520,文山县,2448
2521,西畴县,2448
2522,砚山县,2448
2523,景洪市,2449
2524,勐海县,2449
2525,勐腊县,2449
2718,玉溪,2450
2526,大关县,2451
2527,鲁甸县,2451
2528,巧家县,2451
2529,水富县,2451
2530,绥江县,2451
2531,威信县,2451
2532,盐津县,2451
2533,彝良县,2451
2534,永善县,2451
2535,昭通市,2451
2536,镇雄县,2451
2548,淳安县,2537
2549,富阳市,2537
2550,杭州市,2537
2551,建德市,2537
2552,临安市,2537
2553,桐庐县,2537
2554,安吉县,2538
2555,长兴县,2538
2556,德清县,2538
2557,湖州市,2538
2558,海宁市,2539
2559,海盐县,2539
2560,嘉善县,2539
2561,嘉兴市,2539
2562,平湖市,2539
2563,桐乡市,2539
2564,东阳市,2540
2565,金华市,2540
2566,兰溪市,2540
2567,磐安县,2540
2568,浦江县,2540
2569,武义县,2540
2570,义乌市,2540
2571,永康市,2540
2572,景宁畲族自治县,2541
2573,丽水市,2541
2574,龙泉市,2541
2575,青田县,2541
2576,庆元县,2541
2577,松阳县,2541
2578,遂昌县,2541
2579,云和县,2541
2580,缙云县,2541
2581,慈溪市,2542
2582,奉化市,2542
2583,宁波市,2542
2584,宁海县,2542
2585,象山县,2542
2586,余姚市,2542
2587,上虞市,2543
2588,绍兴市,2543
2589,绍兴县,2543
2590,新昌县,2543
2591,诸暨市,2543
2592,嵊州市,2543
2593,临海市,2544
2594,三门县,2544
2595,台州市,2544
2596,天台县,2544
2597,温岭市,2544
2598,仙居县,2544
2599,玉环县,2544
2600,苍南县,2545
2601,洞头县,2545
2602,乐清市,2545
2603,平阳县,2545
2604,瑞安市,2545
2605,泰顺县,2545
2606,温州市,2545
2607,文成县,2545
2608,永嘉县,2545
2609,舟山市,2546
2610,岱山县,2546
2611,嵊泗县,2546
2612,常山县,2547
2613,江山市,2547
2614,开化县,2547
2615,龙游县,2547
2616,衢州市,2547
2712,中卫,2700
65,北京,2706
87,上海,2713
89,天津,2714
94,重庆,2719
2721,美国,2720
